,id,release_date_us
0,tt13622290,24 November 2022
1,tt11198330,22 August 2022
2,tt11847410,27 January 2022
3,tt14599306,28 October 2022
4,tt2887954,7 April 2022
5,tt12585076,31 March 2022
6,tt11324406,5 May 2022
7,tt12361974,18 March 2021
8,tt7569576,26 November 2020
9,tt11947418,17 March 2022
10,tt13249596,16 June 2022
11,tt11847842,3 March 2022
12,tt14128670,10 February 2022
13,tt13146488,13 January 2022
14,tt17220704,17 November 2022
15,tt16116174,1 January 2022
16,tt7808566,1 April 2021
17,tt9170108,3 September 2020
18,tt10838180,22 December 2021
19,tt18950688,21 April 2022
20,tt11945774,15 April 2021
21,tt11173138,22 October 2020
22,tt15286764,30 September 2021
23,tt10846464,27 August 2020
24,tt11188392,9 July 2020
25,tt12539222,26 October 2021
26,tt6075088,2 September 2020
27,tt15141288,26 August 2021
28,tt15590294,31 March 2022
29,tt15078488,19 August 2021
30,tt1160419,21 October 2021
31,tt10016180,28 January 2021
32,tt12736220,22 October 2020
33,tt5034838,25 March 2021
34,tt15588224,13 January 2022
35,tt0805647,29 October 2020
36,tt8594276,14 June 2019
37,tt13061914,14 January 2021
38,tt6723592,26 August 2020
39,tt11000902,3 March 2022
40,tt1924245,16 September 2021
41,tt12762460,30 June 2022
42,tt11015214,27 August 2020
43,tt9620288,19 November 2021
44,tt13142526,14 April 2022
45,tt14630348,16 June 2021
46,tt14812994,22 July 2021
47,tt12929230,20 August 2020
48,tt10975574,31 March 2022
49,tt12408026,24 September 2021
50,tt11609976,26 November 2020
51,tt12708500,27 August 2020
52,tt3554046,15 July 2021
53,tt18332840,3 March 2022
54,tt10244600,7 March 2022
55,tt22033610,14 October 2022
56,tt9140342,23 January 2021
57,tt15766708,4 November 2021
58,tt11650736,29 July 2021
59,tt12545180,2 June 2022
60,tt10569810,10 March 2021
61,tt11394650,11 June 2020
62,tt11210146,26 October 2021
63,tt6994156,14 September 2020
64,tt22748100,17 November 2022
65,tt3272066,20 August 2021
66,tt11540284,24 November 2021
67,tt10773194,1 June 2022
68,tt11525644,1 July 2021
69,tt11188206,7 October 2021
70,tt12861470,17 December 2020
71,tt7945066,26 January 2019
72,tt8368380,11 February 2021
73,tt21849434,16 September 2022
74,tt14379784,28 October 2022
75,tt13070038,25 August 2022
76,tt6654210,9 September 2021
77,tt13069986,2 September 2021
78,tt7631058,2 September 2022
79,tt10541088,11 June 2021
80,tt13009160,30 September 2022
81,tt10228134,23 July 2021
82,tt11044858,13 October 2020
83,tt1190634,26 July 2019
84,tt2180339,18 March 2022
85,tt13139228,4 November 2022
86,tt7886936,10 November 2020
87,tt8303474,25 September 2020
88,tt9288030,4 February 2022
89,tt3758814,25 June 2021
90,tt11302324,3 January 2020
91,tt12298506,6 October 2020
92,tt7737786,24 September 2020
93,tt10641510,16 August 2019
94,tt3706352,8 April 2022
95,tt9243804,30 July 2021
96,tt13356646,21 May 2021
97,tt7492014,29 October 2021
98,tt14376098,9 June 2022
99,tt7638348,5 March 2021
100,tt10662040,16 August 2019
101,tt7945440,6 October 2020
102,tt6628364,9 June 2017
103,tt12530128,21 January 2022
104,tt9354944,11 October 2019
105,tt10155932,3 September 2021
106,tt7985540,27 July 2018
107,tt5788792,17 March 2017
108,tt11181824,27 April 2022
109,tt16350094,4 March 2022
110,tt7826376,1 May 2020
111,tt0499097,30 April 2021
112,tt13143964,23 October 2020
113,tt6902676,5 March 2020
114,tt10344410,28 May 2021
115,tt6462958,11 February 2022
116,tt11743610,1 July 2022
117,tt6704972,14 May 2021
118,tt11771006,24 September 2021
119,tt6741278,26 March 2021
120,tt6112414,10 July 2017
121,tt10333426,5 February 2021
122,tt6599482,12 October 2018
123,tt16246416,17 December 2021
124,tt9484998,10 July 2020
125,tt12882620,13 October 2020
126,tt3833480,1 October 2020
127,tt10612922,15 January 2021
128,tt14734228,11 February 2022
129,tt9742794,15 January 2021
130,tt8169088,1 June 2018
131,tt10948294,29 January 2021
132,tt8760932,20 August 2021
133,tt6802400,5 March 2021
134,tt15385930,8 October 2021
135,tt14016500,17 June 2022
136,tt11347692,12 March 2020
137,tt3502262,9 November 2016
138,tt14524842,18 February 2022
139,tt10937180,15 October 2021
140,tt7720790,14 September 2018
141,tt3496824,14 August 2015
142,tt1024810,24 May 2007
143,tt5843876,21 August 2020
144,tt15076878,10 December 2021
145,tt4761112,14 July 2021
146,tt6682754,19 August 2016
147,tt4193072,8 May 2020
148,tt8242084,26 June 2020
149,tt14264844,21 May 2021
150,tt9206562,15 November 2018
151,tt3502172,23 December 2014
152,tt9064858,9 April 2021
153,tt0489974,30 August 2019
154,tt12262116,5 August 2022
155,tt8089592,22 May 2020
156,tt10689614,18 December 2020
157,tt12800524,10 December 2021
158,tt8635092,17 September 2021
159,tt9207700,7 August 2020
160,tt10623646,29 July 2022
161,tt10954364,20 September 2019
162,tt9170224,2 August 2019
163,tt8431322,29 October 2021
164,tt14203072,30 July 2021
165,tt13103876,2 October 2020
166,tt6474236,1 March 2018
167,tt4878612,24 February 2017
168,tt9735758,28 August 2020
169,tt5462886,17 March 2017
170,tt7462410,19 November 2021
171,tt6461824,2 April 2018
172,tt7907922,30 October 2020
173,tt9777666,2 July 2021
174,tt8962394,27 March 2020
175,tt4354616,24 March 2017
176,tt15766576,5 November 2021
177,tt9184820,22 January 2021
178,tt19848956,18 May 2022
179,tt10543784,19 July 2019
180,tt8450534,22 February 2019
181,tt5834198,4 August 2017
182,tt13105806,17 May 2021
183,tt11225428,29 November 2019
184,tt5478730,12 May 2017
185,tt10362466,2 September 2020
186,tt11235772,10 September 2021
187,tt14679942,12 October 2021
188,tt16232892,13 May 2022
189,tt6160448,30 December 2022
190,tt11564570,23 December 2022
191,tt22890438,22 November 2022
192,tt1016150,28 October 2022
193,tt1488589,9 December 2022
194,tt13320662,18 November 2022
195,tt21816824,2 December 2022
196,tt9288822,16 November 2022
197,tt16124614,3 November 2022
198,tt23181168,22 November 2022
199,tt13443470,23 November 2022
200,tt1751634,5 August 2022
201,tt14641788,4 November 2022
202,tt11252254,21 October 2022
203,tt21929356,26 September 2022
204,tt15390524,26 August 2022
205,tt12590266,13 September 2022
206,tt1649418,22 July 2022
207,tt13207736,21 September 2022
208,tt1655389,28 September 2022
209,tt2935622,19 October 2022
210,tt13327038,16 September 2022
211,tt13696452,24 June 2022
212,tt13649396,28 October 2022
213,tt22440764,17 November 2022
214,tt14270848,26 October 2022
215,tt8415836,25 October 2022
216,tt14502728,8 September 2022
217,tt21822078,7 October 2022
218,tt18563148,27 April 2022
219,tt23022276,17 November 2022
220,tt14954498,19 August 2022
221,tt7991608,12 November 2021
222,tt13024674,29 October 2021
223,tt10231312,22 October 2021
224,tt10293406,1 December 2021
225,tt21059520,6 July 2022
226,tt13873302,2 March 2022
227,tt21819228,14 November 2022
228,tt14117010,28 July 2022
229,tt4595186,7 October 2022
230,tt13978306,13 January 2022
231,tt21945344,16 November 2022
232,tt11755740,18 February 2022
233,tt13456318,15 July 2022
234,tt22872838,9 November 2022
235,tt14152756,24 March 2021
236,tt12383460,27 October 2021
237,tt13720112,29 September 2022
238,tt22746676,20 October 2022
239,tt14174940,3 June 2022
240,tt21217912,3 August 2022
241,tt15824322,17 November 2022
242,tt14592064,28 January 2022
243,tt4181158,6 July 2022
244,tt13271734,24 August 2022
245,tt11286314,24 December 2021
246,tt12680684,15 December 2021
247,tt13007592,24 November 2022
248,tt19704638,11 May 2022
249,tt10611608,18 February 2022
250,tt1267295,19 November 2021
251,tt14866710,28 June 2022
252,tt15215512,19 May 2022
253,tt8740790,25 December 2020
254,tt16428640,25 January 2022
255,tt5563324,22 September 2021
256,tt7909970,13 September 2019
257,tt13655328,9 September 2022
258,tt22437050,28 October 2022
259,tt6708668,18 March 2022
260,tt21379574,24 August 2022
261,tt15494864,27 January 2022
262,tt14315756,2 December 2021
263,tt10795658,10 December 2020
264,tt20560404,8 June 2022
265,tt11126994,7 November 2021
266,tt19637852,14 June 2022
267,tt14278524,16 September 2022
268,tt21867596,14 September 2022
269,tt11464826,9 September 2020
270,tt21811526,6 September 2022
271,tt21839470,7 September 2022
272,tt22227040,21 October 2022
273,tt14817272,3 March 2022
274,tt15083184,31 August 2022
275,tt11278476,17 March 2022
276,tt20449034,26 July 2022
277,tt14589904,15 July 2022
278,tt14992922,2 February 2022
279,tt4729430,15 November 2019
280,tt1536537,31 August 2017
281,tt14664414,1 July 2021
282,tt9421570,1 October 2021
283,tt13056008,29 September 2021
284,tt22988228,16 November 2022
285,tt9196192,9 September 2020
286,tt11897478,19 October 2022
287,tt14715170,10 November 2022
288,tt14300912,19 November 2021
289,tt22771372,10 November 2022
290,tt10731768,20 August 2021
291,tt12312250,27 May 2020
292,tt7985576,2 April 2021
293,tt11570202,24 December 2021
294,tt13064634,5 November 2021
295,tt22900124,5 November 2022
296,tt15479902,30 March 2022
297,tt22071840,27 October 2022
298,tt15548032,8 July 2022
299,tt18970124,20 April 2022
300,tt8580274,26 June 2020
301,tt13956560,14 February 2022
302,tt7737528,10 September 2021
303,tt6566576,2 July 2021
304,tt12585152,10 July 2020
305,tt8726102,22 September 2022
306,tt6338498,6 August 2021
307,tt21870580,27 September 2022
308,tt5181830,28 October 2022
309,tt12809988,4 June 2021
310,tt15463032,1 September 2022
311,tt8106534,13 December 2019
312,tt4574334,15 July 2016
313,tt8508734,30 October 2020
314,tt3860916,18 May 2018
315,tt7671598,1 January 2020
316,tt0800325,22 March 2019
317,tt4733624,18 June 2021
318,tt5541240,14 July 2017
319,tt6679794,9 November 2018
320,tt10451914,15 January 2021
321,tt12877640,14 July 2021
322,tt11161474,7 January 2021
323,tt19398068,5 May 2022
324,tt18299058,22 March 2022
325,tt10062292,27 April 2020
326,tt6744044,27 April 2018
327,tt22807484,11 November 2022
328,tt6656238,4 May 2018
329,tt14035242,5 November 2021
330,tt11199410,19 November 2020
331,tt14465894,25 February 2022
332,tt5315210,23 September 2022
333,tt5421602,12 May 2017
334,tt11742798,2 September 2021
335,tt10752004,5 November 2021
336,tt15096728,5 October 2022
337,tt15213258,23 June 2022
338,tt15614372,17 November 2021
339,tt3174376,7 April 2016
340,tt9866072,28 October 2020
341,tt2582576,21 April 2017
342,tt14463542,10 June 2022
343,tt12783454,11 August 2021
344,tt10345590,9 July 2021
345,tt7736496,13 November 2020
346,tt11388278,26 March 2021
347,tt9419834,18 July 2019
348,tt15764684,2 September 2022
349,tt7957694,3 May 2019
350,tt2990140,22 November 2018
351,tt3447590,25 December 2022
352,tt10060094,21 November 2019
353,tt14494944,2 November 2022
354,tt7846844,23 September 2020
355,tt22646714,2 November 2022
356,tt0112159,21 June 2019
357,tt11388406,7 February 2020
358,tt21837726,7 October 2022
359,tt18082726,23 November 2022
360,tt9619798,13 May 2020
361,tt16283666,18 December 2021
362,tt10919420,17 September 2021
363,tt14506528,6 May 2022
364,tt13640670,24 June 2022
365,tt14920160,26 October 2022
366,tt21946032,7 October 2022
367,tt1312171,15 February 2019
368,tt5315212,13 May 2022
369,tt18450548,11 November 2022
370,tt8740976,11 February 2022
371,tt14169960,28 January 2022
372,tt11364112,29 June 2022
373,tt12996154,27 April 2022
374,tt9203694,22 April 2021
375,tt9561862,15 March 2019
376,tt14463484,4 February 2022
377,tt15445056,23 September 2022
378,tt22029066,21 November 2022
379,tt17047510,16 November 2022
380,tt12286434,13 October 2021
381,tt18970038,23 March 2022
382,tt10160886,13 May 2022
383,tt11178402,18 November 2022
384,tt15094392,3 September 2021
385,tt18069908,8 September 2022
386,tt8484160,27 November 2020
387,tt11875316,25 June 2021
388,tt11226258,23 July 2021
389,tt6473066,16 October 2020
390,tt11852810,11 May 2022
391,tt14446288,9 November 2022
392,tt0084827,9 July 1982
393,tt22028876,18 November 2022
394,tt15566204,8 September 2022
395,tt17048514,22 April 2022
396,tt0094737,15 September 1988
397,tt12225230,8 September 2021
398,tt11097576,18 December 2020
399,tt11238096,16 April 2021
400,tt11547014,21 July 2021
401,tt22028912,25 November 2022
402,tt7939768,26 March 2021
403,tt14301252,15 July 2022
404,tt11176048,4 September 2020
405,tt13302848,13 November 2020
406,tt0078869,3 October 1980
407,tt13574490,20 July 2022
408,tt13984924,20 October 2021
409,tt15428794,6 October 2021
410,tt22010428,8 September 2022
411,tt19867058,24 June 2022
412,tt14949574,27 June 2021
413,tt6539830,23 July 2021
414,tt16378028,21 October 2022
415,tt11146690,25 June 2021
416,tt21348558,19 October 2022
417,tt0072951,21 March 1975
418,tt12105232,15 January 2021
419,tt0065566,1 January 1970
420,tt12076020,10 April 2020
421,tt0077305,12 February 1980
422,tt0064603,14 September 1970
423,tt12944764,18 September 2020
424,tt0075200,10 August 1978
425,tt21199644,30 June 2022
426,tt9695266,17 January 2020
427,tt12579042,24 January 2020
428,tt7759016,24 March 2020
429,tt16022750,12 November 2021
430,tt10225108,24 March 2020
431,tt14598810,28 July 2021
432,tt14465474,28 May 2021
